match_id,date,season,competition,round,home_team,away_team,source_url
929785,2026-09-20 17:00:00,2026-2027,Runkosarja,,Nokian KrP,LASB,https://fliiga.com/ottelut/miehet/nokian-krp-lasb-20-9-2026/
929774,2026-09-20 18:00:00,2026-2027,Runkosarja,,OLS,O2-Jyväskylä,https://fliiga.com/ottelut/miehet/ols-o2-jyvaskyla-20-9-2026/
929763,2026-09-21 18:30:00,2026-2027,Runkosarja,,SPV,Jymy,https://fliiga.com/ottelut/miehet/spv-jymy-21-9-2026/
929752,2026-09-22 18:30:00,2026-2027,Runkosarja,,TPS,Hawks,https://fliiga.com/ottelut/miehet/tps-hawks-22-9-2026/
929730,2026-09-25 18:00:00,2026-2027,Runkosarja,,O2-Jyväskylä,Oilers,https://fliiga.com/ottelut/miehet/o2-jyvaskyla-oilers-25-9-2026/
929741,2026-09-25 18:30:00,2026-2027,Runkosarja,,Classic,TPS,https://fliiga.com/ottelut/miehet/classic-tps-25-9-2026/
929731,2026-09-25 19:00:00,2026-2027,Runkosarja,,EräViikingit,Hawks,https://fliiga.com/ottelut/miehet/eraviikingit-hawks-25-9-2026/
929729,2026-09-27 16:00:00,2026-2027,Runkosarja,,Jymy,EräViikingit,https://fliiga.com/ottelut/miehet/jymy-eraviikingit-27-9-2026/
929727,2026-09-28 18:30:00,2026-2027,Runkosarja,,TPS,Classic,https://fliiga.com/ottelut/miehet/tps-classic-28-9-2026/
929725,2026-09-30 18:30:00,2026-2027,Runkosarja,,Nokian KrP,Hawks,https://fliiga.com/ottelut/miehet/nokian-krp-hawks-30-9-2026/
929726,2026-09-30 18:30:00,2026-2027,Runkosarja,,EräViikingit,LASB,https://fliiga.com/ottelut/miehet/eraviikingit-lasb-30-9-2026/
929723,2026-10-02 19:00:00,2026-2027,Runkosarja,,Classic,OLS,https://fliiga.com/ottelut/miehet/classic-ols-2-10-2026/
929724,2026-10-02 19:00:00,2026-2027,Runkosarja,,Oilers,Nokian KrP,https://fliiga.com/ottelut/miehet/oilers-nokian-krp-2-10-2026/
929722,2026-10-03 16:00:00,2026-2027,Runkosarja,,Hawks,LASB,https://fliiga.com/ottelut/miehet/hawks-lasb-3-10-2026/
929721,2026-10-03 17:00:00,2026-2027,Runkosarja,,Indians,SPV,https://fliiga.com/ottelut/miehet/indians-spv-3-10-2026/
929719,2026-10-04 17:00:00,2026-2027,Runkosarja,,SPV,EräViikingit,https://fliiga.com/ottelut/miehet/spv-eraviikingit-4-10-2026/
929720,2026-10-04 17:00:00,2026-2027,Runkosarja,,Nokian KrP,O2-Jyväskylä,https://fliiga.com/ottelut/miehet/nokian-krp-o2-jyvaskyla-4-10-2026/
929718,2026-10-04 18:00:00,2026-2027,Runkosarja,,OLS,Oilers,https://fliiga.com/ottelut/miehet/ols-oilers-4-10-2026/
929716,2026-10-09 18:30:00,2026-2027,Runkosarja,,Indians,TPS,https://fliiga.com/ottelut/miehet/indians-tps-9-10-2026/
929715,2026-10-09 19:00:00,2026-2027,Runkosarja,,EräViikingit,Classic,https://fliiga.com/ottelut/miehet/eraviikingit-classic-9-10-2026/
929714,2026-10-10 16:00:00,2026-2027,Runkosarja,,Hawks,SPV,https://fliiga.com/ottelut/miehet/hawks-spv-10-10-2026/
929712,2026-10-10 17:00:00,2026-2027,Runkosarja,,O2-Jyväskylä,Nokian KrP,https://fliiga.com/ottelut/miehet/o2-jyvaskyla-nokian-krp-10-10-2026/
929713,2026-10-10 17:00:00,2026-2027,Runkosarja,,LASB,Jymy,https://fliiga.com/ottelut/miehet/lasb-jymy-10-10-2026/
929711,2026-10-10 18:00:00,2026-2027,Runkosarja,,Oilers,OLS,https://fliiga.com/ottelut/miehet/oilers-ols-10-10-2026/
929710,2026-10-12 18:00:00,2026-2027,Runkosarja,,Classic,EräViikingit,https://fliiga.com/ottelut/miehet/classic-eraviikingit-12-10-2026/
929709,2026-10-12 18:30:00,2026-2027,Runkosarja,,Jymy,SPV,https://fliiga.com/ottelut/miehet/jymy-spv-12-10-2026/
929708,2026-10-14 18:30:00,2026-2027,Runkosarja,,TPS,LASB,https://fliiga.com/ottelut/miehet/tps-lasb-14-10-2026/
929707,2026-10-22 18:30:00,2026-2027,Runkosarja,,Classic,Nokian KrP,https://fliiga.com/ottelut/miehet/classic-nokian-krp-22-10-2026/
929705,2026-10-23 18:30:00,2026-2027,Runkosarja,,TPS,Oilers,https://fliiga.com/ottelut/miehet/tps-oilers-23-10-2026/
929704,2026-10-24 14:30:00,2026-2027,Runkosarja,,O2-Jyväskylä,Indians,https://fliiga.com/ottelut/miehet/o2-jyvaskyla-indians-24-10-2026/
929703,2026-10-24 17:00:00,2026-2027,Runkosarja,,SPV,LASB,https://fliiga.com/ottelut/miehet/spv-lasb-24-10-2026/
929702,2026-10-24 18:00:00,2026-2027,Runkosarja,,OLS,Hawks,https://fliiga.com/ottelut/miehet/ols-hawks-24-10-2026/
929701,2026-10-25 16:00:00,2026-2027,Runkosarja,,Jymy,LASB,https://fliiga.com/ottelut/miehet/jymy-lasb-25-10-2026/
929699,2026-10-30 18:30:00,2026-2027,Runkosarja,,OLS,SPV,https://fliiga.com/ottelut/miehet/ols-spv-30-10-2026/
929700,2026-10-30 18:30:00,2026-2027,Runkosarja,,Indians,EräViikingit,https://fliiga.com/ottelut/miehet/indians-eraviikingit-30-10-2026/
929698,2026-10-30 19:00:00,2026-2027,Runkosarja,,Oilers,Hawks,https://fliiga.com/ottelut/miehet/oilers-hawks-30-10-2026/
929696,2026-10-31 17:00:00,2026-2027,Runkosarja,,Nokian KrP,TPS,https://fliiga.com/ottelut/miehet/nokian-krp-tps-31-10-2026/
929697,2026-10-31 17:00:00,2026-2027,Runkosarja,,EräViikingit,O2-Jyväskylä,https://fliiga.com/ottelut/miehet/eraviikingit-o2-jyvaskyla-31-10-2026/
929694,2026-11-01 15:00:00,2026-2027,Runkosarja,,LASB,Classic,https://fliiga.com/ottelut/miehet/lasb-classic-1-11-2026/
929693,2026-11-03 18:30:00,2026-2027,Runkosarja,,Jymy,O2-Jyväskylä,https://fliiga.com/ottelut/miehet/jymy-o2-jyvaskyla-3-11-2026/
929692,2026-11-05 18:30:00,2026-2027,Runkosarja,,TPS,Classic,https://fliiga.com/ottelut/miehet/tps-classic-5-11-2026/
929691,2026-11-06 18:30:00,2026-2027,Runkosarja,,Oilers,Indians,https://fliiga.com/ottelut/miehet/oilers-indians-6-11-2026/
929690,2026-11-07 13:00:00,2026-2027,Runkosarja,,Jymy,SPV,https://fliiga.com/ottelut/miehet/jymy-spv-7-11-2026/
929689,2026-11-07 16:00:00,2026-2027,Runkosarja,,Hawks,Nokian KrP,https://fliiga.com/ottelut/miehet/hawks-nokian-krp-7-11-2026/
929688,2026-11-07 17:00:00,2026-2027,Runkosarja,,EräViikingit,TPS,https://fliiga.com/ottelut/miehet/eraviikingit-tps-7-11-2026/
929687,2026-11-07 18:00:00,2026-2027,Runkosarja,,O2-Jyväskylä,OLS,https://fliiga.com/ottelut/miehet/o2-jyvaskyla-ols-7-11-2026/
929686,2026-11-08 15:00:00,2026-2027,Runkosarja,,LASB,O2-Jyväskylä,https://fliiga.com/ottelut/miehet/lasb-o2-jyvaskyla-8-11-2026/
929683,2026-11-11 18:30:00,2026-2027,Runkosarja,,Nokian KrP,LASB,https://fliiga.com/ottelut/miehet/nokian-krp-lasb-11-11-2026/
929685,2026-11-11 18:30:00,2026-2027,Runkosarja,,TPS,Indians,https://fliiga.com/ottelut/miehet/tps-indians-11-11-2026/
929682,2026-11-13 18:30:00,2026-2027,Runkosarja,,Classic,LASB,https://fliiga.com/ottelut/miehet/classic-lasb-13-11-2026/
929681,2026-11-14 16:00:00,2026-2027,Runkosarja,,TPS,OLS,https://fliiga.com/ottelut/miehet/tps-ols-14-11-2026/
929680,2026-11-14 17:00:00,2026-2027,Runkosarja,,Indians,Nokian KrP,https://fliiga.com/ottelut/miehet/indians-nokian-krp-14-11-2026/
929679,2026-11-14 18:00:00,2026-2027,Runkosarja,,Oilers,SPV,https://fliiga.com/ottelut/miehet/oilers-spv-14-11-2026/
929678,2026-11-15 17:00:00,2026-2027,Runkosarja,,Nokian KrP,OLS,https://fliiga.com/ottelut/miehet/nokian-krp-ols-15-11-2026/
929677,2026-11-18 18:30:00,2026-2027,Runkosarja,,SPV,O2-Jyväskylä,https://fliiga.com/ottelut/miehet/spv-o2-jyvaskyla-18-11-2026/
929674,2026-11-20 18:30:00,2026-2027,Runkosarja,,Oilers,LASB,https://fliiga.com/ottelut/miehet/oilers-lasb-20-11-2026/
929675,2026-11-20 18:30:00,2026-2027,Runkosarja,,Classic,Jymy,https://fliiga.com/ottelut/miehet/classic-jymy-20-11-2026/
929676,2026-11-20 18:30:00,2026-2027,Runkosarja,,Indians,Hawks,https://fliiga.com/ottelut/miehet/indians-hawks-20-11-2026/
929671,2026-11-21 16:00:00,2026-2027,Runkosarja,,Hawks,Indians,https://fliiga.com/ottelut/miehet/hawks-indians-21-11-2026/
929672,2026-11-21 16:00:00,2026-2027,Runkosarja,,Jymy,Classic,https://fliiga.com/ottelut/miehet/jymy-classic-21-11-2026/
929669,2026-11-21 18:00:00,2026-2027,Runkosarja,,OLS,Nokian KrP,https://fliiga.com/ottelut/miehet/ols-nokian-krp-21-11-2026/
929668,2026-11-22 15:00:00,2026-2027,Runkosarja,,LASB,Oilers,https://fliiga.com/ottelut/miehet/lasb-oilers-22-11-2026/
929667,2026-11-24 18:30:00,2026-2027,Runkosarja,,TPS,EräViikingit,https://fliiga.com/ottelut/miehet/tps-eraviikingit-24-11-2026/
929670,2026-11-24 18:30:00,2026-2027,Runkosarja,,O2-Jyväskylä,SPV,https://fliiga.com/ottelut/miehet/o2-jyvaskyla-spv-24-11-2026/
929666,2026-11-28 14:00:00,2026-2027,Runkosarja,,O2-Jyväskylä,EräViikingit,https://fliiga.com/ottelut/miehet/o2-jyvaskyla-eraviikingit-28-11-2026/
929665,2026-12-18 18:30:00,2026-2027,Runkosarja,,Indians,Oilers,https://fliiga.com/ottelut/miehet/indians-oilers-18-12-2026/
929664,2026-12-18 19:00:00,2026-2027,Runkosarja,,EräViikingit,Jymy,https://fliiga.com/ottelut/miehet/eraviikingit-jymy-18-12-2026/
929663,2026-12-19 16:00:00,2026-2027,Runkosarja,,Hawks,Jymy,https://fliiga.com/ottelut/miehet/hawks-jymy-19-12-2026/
929661,2026-12-19 18:00:00,2026-2027,Runkosarja,,O2-Jyväskylä,TPS,https://fliiga.com/ottelut/miehet/o2-jyvaskyla-tps-19-12-2026/
929660,2026-12-20 15:00:00,2026-2027,Runkosarja,,OLS,TPS,https://fliiga.com/ottelut/miehet/ols-tps-20-12-2026/
929659,2026-12-20 16:00:00,2026-2027,Runkosarja,,Oilers,O2-Jyväskylä,https://fliiga.com/ottelut/miehet/oilers-o2-jyvaskyla-20-12-2026/
929658,2026-12-20 16:30:00,2026-2027,Runkosarja,,Nokian KrP,Indians,https://fliiga.com/ottelut/miehet/nokian-krp-indians-20-12-2026/
929656,2026-12-27 17:00:00,2026-2027,Runkosarja,,Classic,TPS,https://fliiga.com/ottelut/miehet/classic-tps-27-12-2026/
929657,2026-12-27 17:00:00,2026-2027,Runkosarja,,Hawks,EräViikingit,https://fliiga.com/ottelut/miehet/hawks-eraviikingit-27-12-2026/
929654,2026-12-28 18:30:00,2026-2027,Runkosarja,,SPV,Indians,https://fliiga.com/ottelut/miehet/spv-indians-28-12-2026/
929655,2026-12-28 18:30:00,2026-2027,Runkosarja,,LASB,Nokian KrP,https://fliiga.com/ottelut/miehet/lasb-nokian-krp-28-12-2026/
929653,2026-12-29 18:30:00,2026-2027,Runkosarja,,Classic,LASB,https://fliiga.com/ottelut/miehet/classic-lasb-29-12-2026/
929652,2026-12-30 18:30:00,2026-2027,Runkosarja,,Jymy,OLS,https://fliiga.com/ottelut/miehet/jymy-ols-30-12-2026/
929650,2027-01-02 16:00:00,2026-2027,Runkosarja,,Hawks,Classic,https://fliiga.com/ottelut/miehet/hawks-classic-2-1-2027/
929648,2027-01-03 17:00:00,2026-2027,Runkosarja,,Nokian KrP,EräViikingit,https://fliiga.com/ottelut/miehet/nokian-krp-eraviikingit-3-1-2027/
929649,2027-01-03 17:00:00,2026-2027,Runkosarja,,TPS,SPV,https://fliiga.com/ottelut/miehet/tps-spv-3-1-2027/
929647,2027-01-04 18:30:00,2026-2027,Runkosarja,,LASB,Classic,https://fliiga.com/ottelut/miehet/lasb-classic-4-1-2027/
929646,2027-01-06 16:00:00,2026-2027,Runkosarja,,O2-Jyväskylä,Hawks,https://fliiga.com/ottelut/miehet/o2-jyvaskyla-hawks-6-1-2027/
929644,2027-01-08 18:30:00,2026-2027,Runkosarja,,SPV,Nokian KrP,https://fliiga.com/ottelut/miehet/spv-nokian-krp-8-1-2027/
929645,2027-01-08 18:30:00,2026-2027,Runkosarja,,Indians,OLS,https://fliiga.com/ottelut/miehet/indians-ols-8-1-2027/
929642,2027-01-09 16:00:00,2026-2027,Runkosarja,,Jymy,O2-Jyväskylä,https://fliiga.com/ottelut/miehet/jymy-o2-jyvaskyla-9-1-2027/
929643,2027-01-09 16:00:00,2026-2027,Runkosarja,,Hawks,Oilers,https://fliiga.com/ottelut/miehet/hawks-oilers-9-1-2027/
929641,2027-01-09 17:00:00,2026-2027,Runkosarja,,LASB,TPS,https://fliiga.com/ottelut/miehet/lasb-tps-9-1-2027/
929806,2027-01-09 18:30:00,2026-2027,Runkosarja,,EräViikingit,OLS,https://fliiga.com/ottelut/miehet/eraviikingit-ols-9-1-2027/
929805,2027-01-12 18:30:00,2026-2027,Runkosarja,,O2-Jyväskylä,LASB,https://fliiga.com/ottelut/miehet/o2-jyvaskyla-lasb-12-1-2027/
929804,2027-01-14 11:30:00,2026-2027,Runkosarja,,EräViikingit,Oilers,https://fliiga.com/ottelut/miehet/eraviikingit-oilers-14-1-2027/
929802,2027-01-15 18:30:00,2026-2027,Runkosarja,,Nokian KrP,SPV,https://fliiga.com/ottelut/miehet/nokian-krp-spv-15-1-2027/
929803,2027-01-15 18:30:00,2026-2027,Runkosarja,,Indians,Classic,https://fliiga.com/ottelut/miehet/indians-classic-15-1-2027/
929801,2027-01-16 18:00:00,2026-2027,Runkosarja,,OLS,EräViikingit,https://fliiga.com/ottelut/miehet/ols-eraviikingit-16-1-2027/
929800,2027-01-17 16:00:00,2026-2027,Runkosarja,,O2-Jyväskylä,Jymy,https://fliiga.com/ottelut/miehet/o2-jyvaskyla-jymy-17-1-2027/
929798,2027-01-17 17:00:00,2026-2027,Runkosarja,,Hawks,Indians,https://fliiga.com/ottelut/miehet/hawks-indians-17-1-2027/
929799,2027-01-17 17:00:00,2026-2027,Runkosarja,,SPV,Oilers,https://fliiga.com/ottelut/miehet/spv-oilers-17-1-2027/
929797,2027-01-19 18:30:00,2026-2027,Runkosarja,,Classic,Indians,https://fliiga.com/ottelut/miehet/classic-indians-19-1-2027/
929795,2027-01-22 18:30:00,2026-2027,Runkosarja,,Indians,LASB,https://fliiga.com/ottelut/miehet/indians-lasb-22-1-2027/
929794,2027-01-22 19:00:00,2026-2027,Runkosarja,,EräViikingit,Hawks,https://fliiga.com/ottelut/miehet/eraviikingit-hawks-22-1-2027/
929793,2027-01-23 16:30:00,2026-2027,Runkosarja,,Nokian KrP,Oilers,https://fliiga.com/ottelut/miehet/nokian-krp-oilers-23-1-2027/
929791,2027-01-23 18:00:00,2026-2027,Runkosarja,,TPS,O2-Jyväskylä,https://fliiga.com/ottelut/miehet/tps-o2-jyvaskyla-23-1-2027/
929792,2027-01-23 18:00:00,2026-2027,Runkosarja,,OLS,Classic,https://fliiga.com/ottelut/miehet/ols-classic-23-1-2027/
929790,2027-01-24 15:00:00,2026-2027,Runkosarja,,LASB,EräViikingit,https://fliiga.com/ottelut/miehet/lasb-eraviikingit-24-1-2027/
929789,2027-01-24 17:00:00,2026-2027,Runkosarja,,SPV,Jymy,https://fliiga.com/ottelut/miehet/spv-jymy-24-1-2027/
929788,2027-01-29 18:30:00,2026-2027,Runkosarja,,Classic,Oilers,https://fliiga.com/ottelut/miehet/classic-oilers-29-1-2027/
929787,2027-01-30 14:00:00,2026-2027,Runkosarja,,LASB,Nokian KrP,https://fliiga.com/ottelut/miehet/lasb-nokian-krp-30-1-2027/
929786,2027-01-30 16:00:00,2026-2027,Runkosarja,,Jymy,Hawks,https://fliiga.com/ottelut/miehet/jymy-hawks-30-1-2027/
929783,2027-01-30 17:00:00,2026-2027,Runkosarja,,SPV,OLS,https://fliiga.com/ottelut/miehet/spv-ols-30-1-2027/
929784,2027-01-30 17:00:00,2026-2027,Runkosarja,,EräViikingit,Indians,https://fliiga.com/ottelut/miehet/eraviikingit-indians-30-1-2027/
929782,2027-01-31 16:00:00,2026-2027,Runkosarja,,Jymy,TPS,https://fliiga.com/ottelut/miehet/jymy-tps-31-1-2027/
929780,2027-02-05 18:30:00,2026-2027,Runkosarja,,Nokian KrP,TPS,https://fliiga.com/ottelut/miehet/nokian-krp-tps-5-2-2027/
929781,2027-02-05 18:30:00,2026-2027,Runkosarja,,Indians,Jymy,https://fliiga.com/ottelut/miehet/indians-jymy-5-2-2027/
929779,2027-02-06 16:00:00,2026-2027,Runkosarja,,Oilers,Jymy,https://fliiga.com/ottelut/miehet/oilers-jymy-6-2-2027/
929778,2027-02-06 17:00:00,2026-2027,Runkosarja,,LASB,Hawks,https://fliiga.com/ottelut/miehet/lasb-hawks-6-2-2027/
929777,2027-02-06 18:00:00,2026-2027,Runkosarja,,EräViikingit,SPV,https://fliiga.com/ottelut/miehet/eraviikingit-spv-6-2-2027-2/
929749,2027-02-07 17:00:00,2026-2027,Runkosarja,,Hawks,OLS,https://fliiga.com/ottelut/miehet/hawks-ols-7-2-2027/
929776,2027-02-07 17:00:00,2026-2027,Runkosarja,,SPV,Classic,https://fliiga.com/ottelut/miehet/spv-classic-7-2-2027/
929775,2027-02-11 18:30:00,2026-2027,Runkosarja,,TPS,Nokian KrP,https://fliiga.com/ottelut/miehet/tps-nokian-krp-11-2-2027/
929773,2027-02-12 18:30:00,2026-2027,Runkosarja,,Indians,Oilers,https://fliiga.com/ottelut/miehet/indians-oilers-12-2-2027/
929772,2027-02-13 16:00:00,2026-2027,Runkosarja,,Jymy,Indians,https://fliiga.com/ottelut/miehet/jymy-indians-13-2-2027/
929771,2027-02-13 17:30:00,2026-2027,Runkosarja,,Classic,SPV,https://fliiga.com/ottelut/miehet/classic-spv-13-2-2027/
929770,2027-02-13 18:00:00,2026-2027,Runkosarja,,O2-Jyväskylä,OLS,https://fliiga.com/ottelut/miehet/o2-jyvaskyla-ols-13-2-2027/
929769,2027-02-14 17:00:00,2026-2027,Runkosarja,,Hawks,O2-Jyväskylä,https://fliiga.com/ottelut/miehet/hawks-o2-jyvaskyla-14-2-2027/
929768,2027-02-14 18:00:00,2026-2027,Runkosarja,,OLS,SPV,https://fliiga.com/ottelut/miehet/ols-spv-14-2-2027/
929767,2027-02-19 18:30:00,2026-2027,Runkosarja,,Oilers,Classic,https://fliiga.com/ottelut/miehet/oilers-classic-19-2-2027/
929766,2027-02-19 19:00:00,2026-2027,Runkosarja,,TPS,Jymy,https://fliiga.com/ottelut/miehet/tps-jymy-19-2-2027/
929765,2027-02-20 14:00:00,2026-2027,Runkosarja,,O2-Jyväskylä,Classic,https://fliiga.com/ottelut/miehet/o2-jyvaskyla-classic-20-2-2027/
929764,2027-02-20 16:00:00,2026-2027,Runkosarja,,Hawks,Oilers,https://fliiga.com/ottelut/miehet/hawks-oilers-20-2-2027/
929762,2027-02-20 17:00:00,2026-2027,Runkosarja,,Nokian KrP,Jymy,https://fliiga.com/ottelut/miehet/nokian-krp-jymy-20-2-2027/
929761,2027-02-20 18:00:00,2026-2027,Runkosarja,,OLS,LASB,https://fliiga.com/ottelut/miehet/ols-lasb-20-2-2027/
929760,2027-02-21 15:00:00,2026-2027,Runkosarja,,OLS,Indians,https://fliiga.com/ottelut/miehet/ols-indians-21-2-2027/
929759,2027-02-21 17:00:00,2026-2027,Runkosarja,,SPV,Hawks,https://fliiga.com/ottelut/miehet/spv-hawks-21-2-2027/
929758,2027-02-23 13:30:00,2026-2027,Runkosarja,,Oilers,EräViikingit,https://fliiga.com/ottelut/miehet/oilers-eraviikingit-23-2-2027/
929757,2027-02-26 19:00:00,2026-2027,Runkosarja,,LASB,TPS,https://fliiga.com/ottelut/miehet/lasb-tps-26-2-2027/
929756,2027-03-03 18:30:00,2026-2027,Runkosarja,,Nokian KrP,Classic,https://fliiga.com/ottelut/miehet/nokian-krp-classic-3-3-2027/
929755,2027-03-04 18:30:00,2026-2027,Runkosarja,,Classic,O2-Jyväskylä,https://fliiga.com/ottelut/miehet/classic-o2-jyvaskyla-4-3-2027/
929754,2027-03-05 18:30:00,2026-2027,Runkosarja,,Oilers,Indians,https://fliiga.com/ottelut/miehet/oilers-indians-5-3-2027/
929753,2027-03-06 16:00:00,2026-2027,Runkosarja,,Hawks,TPS,https://fliiga.com/ottelut/miehet/hawks-tps-6-3-2027/
929751,2027-03-06 17:00:00,2026-2027,Runkosarja,,Indians,EräViikingit,https://fliiga.com/ottelut/miehet/indians-eraviikingit-6-3-2027/
929750,2027-03-07 16:00:00,2026-2027,Runkosarja,,Jymy,Nokian KrP,https://fliiga.com/ottelut/miehet/jymy-nokian-krp-7-3-2027/
929747,2027-03-07 17:00:00,2026-2027,Runkosarja,,O2-Jyväskylä,SPV,https://fliiga.com/ottelut/miehet/o2-jyvaskyla-spv-7-3-2027/
929748,2027-03-07 17:00:00,2026-2027,Runkosarja,,LASB,OLS,https://fliiga.com/ottelut/miehet/lasb-ols-7-3-2027/
929746,2027-03-10 18:30:00,2026-2027,Runkosarja,,Oilers,EräViikingit,https://fliiga.com/ottelut/miehet/oilers-eraviikingit-10-3-2027/
929745,2027-03-11 18:30:00,2026-2027,Runkosarja,,TPS,LASB,https://fliiga.com/ottelut/miehet/tps-lasb-11-3-2027/
929743,2027-03-12 18:30:00,2026-2027,Runkosarja,,EräViikingit,Oilers,https://fliiga.com/ottelut/miehet/eraviikingit-oilers-12-3-2027/
929744,2027-03-12 18:30:00,2026-2027,Runkosarja,,Indians,Hawks,https://fliiga.com/ottelut/miehet/indians-hawks-12-3-2027/
929742,2027-03-13 13:00:00,2026-2027,Runkosarja,,SPV,O2-Jyväskylä,https://fliiga.com/ottelut/miehet/spv-o2-jyvaskyla-13-3-2027/
929740,2027-03-13 14:00:00,2026-2027,Runkosarja,,OLS,Jymy,https://fliiga.com/ottelut/miehet/ols-jymy-13-3-2027/
929739,2027-03-13 15:00:00,2026-2027,Runkosarja,,Classic,Nokian KrP,https://fliiga.com/ottelut/miehet/classic-nokian-krp-13-3-2027/
929738,2027-03-14 15:00:00,2026-2027,Runkosarja,,OLS,Jymy,https://fliiga.com/ottelut/miehet/ols-jymy-14-3-2027/
929732,2027-03-17 18:30:00,2026-2027,Runkosarja,,SPV,TPS,https://fliiga.com/ottelut/miehet/spv-tps-17-3-2027/
929733,2027-03-17 18:30:00,2026-2027,Runkosarja,,Jymy,Oilers,https://fliiga.com/ottelut/miehet/jymy-oilers-17-3-2027/
929734,2027-03-17 18:30:00,2026-2027,Runkosarja,,Classic,Hawks,https://fliiga.com/ottelut/miehet/classic-hawks-17-3-2027/
929735,2027-03-17 18:30:00,2026-2027,Runkosarja,,EräViikingit,Nokian KrP,https://fliiga.com/ottelut/miehet/eraviikingit-nokian-krp-17-3-2027/
929736,2027-03-17 18:30:00,2026-2027,Runkosarja,,OLS,O2-Jyväskylä,https://fliiga.com/ottelut/miehet/ols-o2-jyvaskyla-17-3-2027/
929737,2027-03-17 18:30:00,2026-2027,Runkosarja,,LASB,Indians,https://fliiga.com/ottelut/miehet/lasb-indians-17-3-2027/
